Episode,Epsilon,Reward,Avg10,Loss
1,0.999715375,-7.1,-7.1,0
2,0.999071875,-1.08,-4.09,63.96543799340725
3,0.99849025,1.7000000000000082,-2.159999999999997,89.63964323699474
4,0.99556975,42.52,9.010000000000003,347.7206902913749
5,0.994555,4.580000000000021,8.124000000000006,102.38415926322341
6,0.994295125,-4.12,6.083333333333339,12.666109502315521
7,0.99393625,-3.4400000000000004,4.722857142857149,39.446487452834845
8,0.991622125,71.36,13.052500000000006,223.51354174688458
9,0.991127125,-4.660000000000001,11.08444444444445,51.917729157954454
10,0.988949125,26.460000000000015,12.622000000000005,217.3540367335081
11,0.988256125,-3.540000000000002,12.978000000000005,74.91740549914539
12,0.987216625,1.680000000000014,13.254000000000005,95.29831051081419
13,0.98695675,-2.9399999999999995,12.790000000000003,27.65258937329054
14,0.98611525,-1.8199999999999896,8.356000000000005,72.37579532153904
15,0.9846055,11.679999999999994,9.066000000000003,133.38764192163944
16,0.983368,7.5400000000000045,10.232000000000003,88.85172524861991
17,0.982576,8.359999999999998,11.412000000000004,63.24451850540936
18,0.982068625,-3.9400000000000004,3.8820000000000037,45.409421376883984
19,0.981573625,-5.760000000000001,3.7720000000000034,33.195164673030376
20,0.98116525,7.940000000000008,1.9200000000000028,26.365232788026333
21,0.980398,0.2200000000000113,2.2960000000000043,43.40367213264108
22,0.979568875,0.7800000000000136,2.2060000000000044,59.60518647171557
23,0.978814,0.34000000000001407,2.534000000000005,43.24851165153086
24,0.97844275,-5.260000000000001,2.190000000000004,18.671712009236217
25,0.978059125,-4.5200000000000005,0.5700000000000048,15.373394269496202
26,0.9776755,-7.32,-0.9159999999999957,28.538638340309262
27,0.977118625,-0.9999999999999982,-1.8519999999999954,32.39590728096664
28,0.97542325,18.179999999999986,0.36000000000000315,99.52887023240328
29,0.973579375,26.82000000000008,3.6180000000000105,79.27305307425559
30,0.970993,31.320000000000004,5.95600000000001,92.66962893866003
31,0.96903775,17.279999999999973,7.662000000000006,46.78873299714178
32,0.968678875,-7.08,6.8760000000000066,8.352171868085861
33,0.96572125,63.40000000000001,13.182000000000007,62.93967872392386
34,0.964570375,9.020000000000014,14.610000000000008,36.55760117713362
35,0.964050625,-4.520000000000001,14.610000000000005,14.57453097589314
36,0.96359275,-4.08,14.934000000000006,10.608761854469776
37,0.9624295,5.180000000000014,15.552000000000007,24.632918087765574
38,0.961946875,0.4200000000000017,13.77600000000001,18.86638731136918
39,0.961377625,-2.6000000000000014,10.834,4.780719335190952
40,0.960338125,11.940000000000003,8.896,33.71782787889242
41,0.95928625,8.960000000000006,8.064000000000005,27.62961939163506
42,0.9576775,26.06000000000002,11.378000000000007,38.56975867971778
43,0.9571825,9.739999999999997,6.012000000000005,15.828820649534464
44,0.956539,-0.6799999999999944,5.042000000000004,13.9719747453928
45,0.9557965,4.18000000000001,5.912000000000006,26.92555398773402
46,0.953965,22.119999999999994,8.532000000000005,39.35117040108889
47,0.95181175,52.90000000000002,13.304000000000006,33.970219837501645
48,0.949893625,19.999999999999993,15.262000000000006,38.48539112415165
49,0.9489655,18.279999999999994,17.350000000000005,25.13222189527005
50,0.94775275,6.4000000000000075,16.796000000000003,28.469045077450573
51,0.946824625,8.760000000000005,16.776000000000003,27.964082797057927
52,0.946354375,-2.8000000000000007,13.890000000000004,6.7159939259290695
53,0.944572375,21.659999999999982,15.081999999999999,40.6133190440014
54,0.9424686250000001,23.84000000000001,17.534,40.95016751997173
55,0.941825125,9.859999999999996,18.101999999999997,15.460599203594029
56,0.940043125,23.060000000000006,18.196,37.51786789018661
57,0.939709,-5.6000000000000005,12.346,12.06102573685348
58,0.9377537499999999,33.28000000000005,13.674000000000003,54.66442403756082
59,0.936305875,23.81999999999997,14.228000000000003,31.1004249304533
60,0.93532825,21.779999999999994,15.766000000000002,15.810420095920563
61,0.9342145,10.68,15.958000000000002,30.72749709803611
62,0.932073625,24.2,18.657999999999998,63.71819495689124
63,0.931603375,-5.660000000000001,15.926000000000002,12.391132118180394
64,0.930601,6.340000000000005,14.176000000000002,36.31016813963652
65,0.930316375,-4.12,12.778000000000002,9.113447704352438
66,0.92894275,17.41999999999998,12.213999999999999,45.51453538425267
67,0.9286705,-4.78,12.296000000000001,6.292674344964325
68,0.9284725,-8.32,8.135999999999996,3.163435279391706
69,0.9281136249999999,-5.380000000000001,5.215999999999998,0.5493698064237833
70,0.926443,19.399999999999984,4.977999999999996,42.985681236721575
71,0.924722875,24.279999999999983,6.337999999999996,39.923006367869675
72,0.92354725,11.320000000000002,5.049999999999995,44.52405188139528
73,0.923039875,1.0200000000000031,5.717999999999995,12.224503502249718
74,0.921988,8.080000000000007,5.891999999999996,12.939452009275556
75,0.921455875,2.1000000000000014,6.513999999999996,9.302230451256037
76,0.919574875,45.78000000000003,9.35,40.44666374567896
77,0.918510625,11.06,10.934000000000001,27.22569422982633
78,0.9175825,9.360000000000003,12.702000000000002,15.741606643423438
79,0.916939,-1.620000000000001,13.078,12.306566576473415
80,0.916604875,6.960000000000003,11.834000000000003,9.180553012527525
81,0.915058,18.059999999999985,11.212000000000005,42.640006026253104
82,0.91344925,20.319999999999983,12.112,51.245996919460595
83,0.9112465,54.94000000000003,17.504000000000005,40.515628030058
84,0.9101575,6.960000000000006,17.392000000000003,27.37848489684984
85,0.909947125,-9.76,16.206000000000007,3.1111857471987605
86,0.909105625,1.3600000000000119,11.764000000000001,15.548077152576298
87,0.908437375,1.8000000000000078,10.838000000000005,18.445071804337204
88,0.90805375,-3.1400000000000006,9.588000000000005,6.441745362244546
89,0.9072865,15.879999999999987,11.338000000000001,9.670973490923643
90,0.906841,-0.6999999999999975,10.572,9.167380242608488
91,0.906457375,-7.700000000000001,7.996000000000002,9.035512215457857
92,0.9059995,-2.92,5.672000000000006,14.789615666493773
93,0.9046135,22.399999999999956,2.417999999999997,45.12381416466087
94,0.904069,1.0400000000000063,1.825999999999997,9.386996819637716
95,0.90300475,18.98000000000001,4.6999999999999975,10.080498522613198
96,0.901606375,38.260000000000005,8.389999999999997,33.94714541872963
97,0.900319375,24.040000000000013,10.613999999999999,36.33364848420024
98,0.8998738749999999,-2.7200000000000006,10.655999999999997,18.04441635031253
99,0.898487875,14.03999999999999,10.471999999999998,48.13488546432927
100,0.897299875,11.420000000000009,11.684000000000001,10.395018597599119
101,0.896347,5.560000000000018,13.010000000000002,32.94535343442112
102,0.89498575,25.34000000000001,15.836000000000002,47.73930633999407
103,0.89468875,-7.34,12.862000000000005,6.285813606344163
104,0.893983375,13.759999999999987,14.134000000000006,9.661413791589439
105,0.8930923749999999,4.9200000000000195,12.728000000000005,27.142867838498205
106,0.892349875,23.479999999999997,11.250000000000004,20.997743241954595
107,0.891805375,2.7600000000000104,9.122000000000003,12.303511376027018
108,0.8914093750000001,-1.700000000000001,9.224000000000004,17.953755037859082
109,0.890939125,10.840000000000002,8.904000000000005,14.925372994504869
110,0.8893675,25.89999999999999,10.352000000000004,25.02514560474083
111,0.886979125,30.820000000000032,12.878000000000005,77.62199960276484
112,0.8855065,17.999999999999982,12.144000000000002,27.82019297592342
113,0.884182375,15.319999999999997,14.410000000000002,41.97277621179819
114,0.88295725,13.17999999999999,14.352,50.26196587365121
115,0.881930125,35.539999999999985,17.413999999999998,21.29540983121842
116,0.88147225,-1.5399999999999991,14.912,17.822042073123157
117,0.880197625,14.399999999999988,16.075999999999997,36.08597373124212
118,0.87959125,-1.259999999999998,16.119999999999997,18.087403028737754
119,0.879022,1.3600000000000012,15.172,6.536288721952587
120,0.878613625,0.20000000000000107,12.601999999999997,11.991639394778758
121,0.87721525,15.939999999999998,11.113999999999995,55.983318160288036
122,0.876943,-7.960000000000001,8.517999999999995,6.034428413957357
123,0.8757550000000001,22.300000000000015,9.215999999999998,41.71340040769428
124,0.875123875,0.9800000000000058,7.9959999999999996,24.01351843867451
125,0.873515125,32.019999999999996,7.644,44.91353552322835
126,0.870198625,58.060000000000045,13.604000000000005,130.41433025244623
127,0.868416625,44.640000000000015,16.628000000000007,39.38452052813955
128,0.868045375,-1.9999999999999982,16.55400000000001,17.536422912031412
129,0.864778375,64.56000000000002,22.874000000000006,98.67129139881581
130,0.864011125,4.88000000000001,23.342000000000006,29.883351808413863
131,0.862971625,10.940000000000003,22.842000000000006,32.53777702152729
132,0.861981625,22.26,25.86400000000001,24.120132588315755
133,0.861288625,-0.7599999999999945,23.558000000000007,20.703032930847257
134,0.860905,-4.6000000000000005,23.000000000000007,0.49295759201049805
135,0.860113,4.02000000000001,20.20000000000001,29.887733908137307
136,0.85880125,37.06,18.100000000000005,24.572613359894603
137,0.85746475,12.879999999999983,14.924000000000003,49.95743408007547
138,0.856883125,3.5000000000000036,15.474000000000004,9.231169774197042
139,0.8561777500000001,14.059999999999997,10.424000000000001,26.66321961535141
140,0.855670375,0.26000000000000156,9.962000000000002,3.867448211181909
141,0.855274375,-5.420000000000002,8.326,29.232924948912114
142,0.854284375,5.520000000000021,6.652000000000004,32.64019917277619
143,0.85320775,46.7,11.398000000000001,32.75849642092362
144,0.8524652500000001,15.500000000000007,13.408000000000005,15.166532082948834
145,0.849680875,86.91999999999996,21.698,80.55827025743201
146,0.8464015,46.42000000000005,22.634,92.19200164498761
147,0.845547625,20.61999999999999,23.408000000000005,20.69957016967237
148,0.84518875,-2.2,22.838000000000005,17.489032265730202
149,0.844928875,16.740000000000002,23.106000000000005,8.90212723519653
150,0.8435676249999999,16.679999999999993,24.748,35.68632619455457
151,0.843146875,9.919999999999995,26.282000000000004,23.50794651452452
152,0.841897,12.880000000000003,27.018,27.001458580140024
153,0.840622375,7.960000000000001,23.144,18.46060726745054
154,0.840325375,-4.4,21.154,14.598449277225882
155,0.839917,-1.0399999999999956,12.358000000000004,17.614163294434547
156,0.83944675,10.379999999999995,8.754,3.597024489659816
157,0.838370125,31.120000000000005,9.803999999999998,46.84299730788916
158,0.836254,26.780000000000015,12.702000000000002,67.57336499216035
159,0.83523925,20.939999999999984,13.122,43.95467377384193
160,0.8346205,15.839999999999995,13.038,14.911746794823557
161,0.834311125,-2.96,11.75,17.41620086878538
162,0.8323435,24.959999999999994,12.958000000000002,59.44217695505358
163,0.83157625,4.720000000000008,12.634,17.73818233376369
164,0.8304996250000001,22.439999999999987,15.318000000000001,41.01631336007267
165,0.829311625,24.219999999999978,17.843999999999998,29.672475485363975
166,0.828692875,13.839999999999987,18.189999999999994,11.90121040865779
167,0.82776475,19.68,17.045999999999996,23.834872806211933
168,0.8267995,7.1400000000000095,15.081999999999997,37.96934384992346
169,0.826143625,1.140000000000006,13.101999999999999,20.560656701447442
170,0.825821875,0.10000000000000142,11.527999999999997,5.952126984484494
171,0.8252526250000001,2.900000000000004,12.113999999999999,26.380636742338538
172,0.824559625,15.060000000000004,11.123999999999999,17.75286622927524
173,0.82340875,34.69999999999998,14.121999999999995,55.26192670222372
174,0.822493,6.240000000000018,12.501999999999999,57.611575497314334
175,0.821391625,12.359999999999987,11.316,23.767734940629452
176,0.820797625,5.540000000000022,10.486000000000002,23.360829522367567
177,0.820401625,10.780000000000001,9.596000000000002,8.97142439102754
178,0.820104625,-2.7600000000000007,8.606000000000002,5.989113945513964
179,0.819287875,28.039999999999992,11.296000000000001,23.555403616512194
180,0.8187681250000001,1.8400000000000016,11.470000000000002,14.829951606225222
181,0.8180875,3.840000000000007,11.564,34.727841364219785
182,0.8178276250000001,-1.7799999999999994,9.879999999999999,8.824587380513549
183,0.816342625,33.46,9.756000000000004,64.0098535134457
184,0.8149195,28.080000000000002,11.940000000000001,47.08695453684777
185,0.81459775,-5.800000000000001,10.124,6.0247672172263265
186,0.814214125,9.340000000000003,10.504000000000001,25.992840263526887
187,0.813273625,26.059999999999988,12.032,40.53488224884495
188,0.812098,35.68,15.876,52.51491621742025
189,0.8102788750000001,52.80000000000004,18.352000000000004,66.85558225633577
190,0.809783875,-2.1199999999999983,17.956000000000003,17.413152457214892
191,0.8091775,3.160000000000002,17.888,28.922935735434294
192,0.80781625,41.55999999999999,22.222,55.35455524735153
193,0.80652925,34.90000000000002,22.366000000000007,55.05919407075271
194,0.806046625,0.32000000000000206,19.590000000000003,6.174852024298161
195,0.8054155000000001,4.720000000000008,20.642000000000003,34.68081159936264
196,0.804041875,27.340000000000007,22.442000000000004,41.15540215373039
197,0.8030395,2.6800000000000175,20.104000000000006,26.533797597745433
198,0.80232175,3.020000000000014,16.838000000000008,34.682428842410445
199,0.801022375,38.9,15.448000000000004,46.453512584324926
200,0.800279875,26.739999999999988,18.334000000000003,37.78412978630513
201,0.79959925,3.1600000000000055,18.334000000000003,34.842408237978816
202,0.798720625,19.759999999999977,16.154000000000003,43.54417193774134
203,0.798151375,10.74,13.738000000000003,17.48569514299743
204,0.7978915,17.52,15.458000000000004,11.57475962000899
205,0.79752025,1.6400000000000023,15.150000000000002,5.966475389897823
206,0.797260375,15.899999999999997,14.006,17.238971094135195
207,0.796258,35.93999999999998,17.332,40.72841230686754
208,0.795379375,17.359999999999985,18.765999999999995,49.50294989300892
209,0.793993375,24.34000000000001,17.309999999999995,52.21942549222149
210,0.792582625,25.340000000000014,17.169999999999995,60.875135781476274
211,0.7921,12.900000000000004,18.144,26.061090131290257
212,0.79143175,14.740000000000004,17.642,25.994223445188254
213,0.790726375,11.43999999999999,17.712,37.66158633539453
214,0.7901447500000001,14.659999999999984,17.426,34.49018188146874
215,0.78925375,30.11999999999999,20.273999999999994,54.238970092032105
216,0.7890557500000001,-6.08,18.075999999999997,3.088299616239965
217,0.78856075,9.820000000000002,15.463999999999995,17.55908391205594
218,0.787310875,41.77999999999999,17.905999999999995,51.838981229113415
219,0.786395125,10.200000000000005,16.491999999999997,40.57836082531139
220,0.78262075,51.520000000000124,19.11000000000001,198.91917949914932
221,0.782237125,-7.860000000000001,17.034000000000006,14.395032933913171
222,0.781395625,29.65999999999999,18.526000000000003,48.653718393296
223,0.78024475,21.780000000000012,19.56000000000001,63.706408709753305
224,0.779564125,3.2200000000000077,18.41600000000001,14.725252312608063
225,0.77816575,39.95999999999999,19.40000000000001,63.63605593377724
226,0.7772623750000001,30.459999999999987,23.05400000000001,40.445070050656796
227,0.7751215,53.93999999999999,27.466000000000008,111.96047521289438
228,0.774242875,19.140000000000008,25.202000000000012,46.05550360796042
229,0.7723,48.04000000000003,28.98600000000001,86.5260403205175
230,0.77192875,-5.580000000000001,23.276,20.019409538479522
231,0.7712233749999999,23.68,26.429999999999996,45.62592358549591
232,0.770518,24.779999999999994,25.942,40.10692965378985
233,0.768698875,50.77999999999999,28.842000000000002,119.8726279148832
234,0.7675975,9.180000000000012,29.438,57.17504074447788
235,0.766842625,24.220000000000013,27.863999999999997,57.09673980483785
236,0.766273375,24.299999999999997,27.248,23.067039780318737
237,0.765778375,1.6200000000000045,22.016000000000002,31.396645724307746
238,0.76499875,24.52000000000001,22.554000000000006,37.17976753960829
239,0.764664625,-1.7199999999999989,17.578,17.15371862659231
240,0.7644666250000001,-9.02,17.234,5.895166662987322
241,0.76287025,48.20000000000002,19.686,102.65345620270818
242,0.762239125,1.4400000000000084,17.352000000000004,28.664060602430254
243,0.76197925,-3.8,11.894000000000009,5.8385784099809825
244,0.7615213750000001,0.26000000000000334,11.002000000000006,20.006009594537318
245,0.760519,18.04000000000001,10.384000000000006,71.145982791204
246,0.7586256250000001,46.719999999999985,12.626000000000003,86.15744043700397
247,0.7578955,17.259999999999998,14.190000000000003,28.880835695192218
248,0.7570045,31.279999999999994,14.866000000000003,49.087648106971756
249,0.756249625,27.560000000000002,17.794000000000004,31.701557383406907
250,0.754764625,43.320000000000014,23.028000000000002,66.21318591549061
251,0.754195375,13.139999999999993,19.522,34.470518118236214
252,0.750928375,97.39999999999976,29.117999999999977,171.53294224780984
253,0.75054475,17.800000000000004,31.27799999999998,22.73530806414783
254,0.7501116250000001,-0.9800000000000004,31.15399999999998,17.164609335828573
255,0.748304875,33.43999999999997,32.693999999999974,100.00326470239088
256,0.7479336249999999,-2.7,27.75199999999998,17.178784107323736
257,0.74717875,40.65999999999999,30.091999999999974,54.028158442582935
258,0.746077375,24.599999999999977,29.42399999999997,65.5920714829117
259,0.74514925,46.13999999999998,31.28199999999997,28.7698250352405
260,0.7441344999999999,22.719999999999978,29.221999999999962,48.48710430250503
261,0.74341675,26.519999999999996,30.559999999999963,34.01952793588862
262,0.742958875,-3.920000000000001,20.42799999999999,31.37238330859691
263,0.74267425,8.600000000000003,19.50799999999999,16.854188634082675
264,0.7421173750000001,12.56,20.861999999999988,45.53995538922027
265,0.7405828750000001,43.91999999999997,21.909999999999986,82.4320131528657
266,0.7386771249999999,48.72000000000001,27.051999999999992,124.76784777385183
267,0.736622875,65.50000000000001,29.53599999999999,117.48760877526365
268,0.735855625,25.72,29.64799999999999,39.587906835833564
269,0.7355462500000001,-2.58,24.775999999999993,17.08375983964652
270,0.734741875,7.480000000000004,23.252,56.7599173290655
271,0.734246875,0.5200000000000014,20.652,34.041529522277415
272,0.7338880000000001,-5.080000000000001,20.536,28.098020297009498
273,0.733182625,13.619999999999996,21.038,48.41710830619559
274,0.7321555,28.859999999999992,22.668,56.84955850895494
275,0.730126,55.34000000000001,23.81,149.73412998672575
276,0.729098875,20.199999999999985,20.958000000000002,48.037717396975495
277,0.728257375,30.039999999999985,17.412,56.48245770856738
278,0.727514875,25.20000000000001,17.36,45.203223458491266
279,0.726698125,15.879999999999994,19.205999999999996,39.75293834786862
280,0.72529975,28.020000000000003,21.259999999999998,115.57732398691587
281,0.724384,31.42000000000001,24.349999999999998,70.72859215270728
282,0.7229485,54.61999999999998,30.32,95.827925728634
283,0.722391625,0.8600000000000012,29.044,31.427358965855092
284,0.721772875,26.0,28.758,25.754830441903323
285,0.7213892500000001,-5.220000000000001,22.701999999999995,36.53361534513533
286,0.72064675,17.73999999999998,22.455999999999996,53.65039511490613
287,0.7199785000000001,6.460000000000004,20.098,36.61515302816406
288,0.7187905,59.33999999999998,23.511999999999997,95.8484541401267
289,0.717466375,40.59999999999998,25.98399999999999,98.82523062080145
290,0.71683525,2.2200000000000095,23.403999999999993,39.49740607570857
291,0.7156225,39.89999999999999,24.251999999999992,73.79774969536811
292,0.714892375,4.4600000000000115,19.235999999999994,39.72294269059785
293,0.71411275,4.820000000000007,19.631999999999998,47.96567790792324
294,0.713135125,23.459999999999972,19.377999999999993,78.36504140729085
295,0.7126401250000001,3.7800000000000047,20.277999999999995,14.28558785840869
296,0.71193475,-0.039999999999990266,18.499999999999996,45.32433086424135
297,0.7112912499999999,14.299999999999999,19.284,48.03356669191271
298,0.70993,25.98000000000002,15.948000000000002,82.53161988034844
299,0.70921225,30.239999999999974,14.912,47.652087145484984
300,0.7086925,24.159999999999997,17.106,28.25646403711289
301,0.7082965,10.079999999999997,14.123999999999999,11.45357448561117
302,0.7070218749999999,37.12,17.389999999999997,95.36818158486858
303,0.706106125,31.14,20.022,58.78214608761482
304,0.7058215,4.880000000000006,18.163999999999998,25.053784999763593
305,0.7054873749999999,-1.339999999999998,17.651999999999997,25.291241973172873
306,0.70525225,-6.28,17.028,25.336552397347987
307,0.7049181250000001,8.74,16.472,28.13962297816761
308,0.70416325,19.71999999999997,15.845999999999995,56.031241927761585
309,0.70381675,-2.7,12.551999999999996,28.07938679913059
310,0.7034702500000001,19.779999999999994,12.113999999999995,39.131181659176946
311,0.70257925,31.68,14.273999999999997,59.28486930439249
312,0.70228225,-0.11999999999999922,10.549999999999997,14.116648285882547
313,0.701824375,11.739999999999998,8.609999999999996,22.529764275066555
314,0.700624,45.359999999999985,12.657999999999996,68.11664430121891
315,0.6989038750000001,44.06000000000005,17.198,115.30007247324102
316,0.697097125,52.680000000000014,23.094,146.05973850283772
317,0.6964907499999999,24.64,24.684000000000005,36.39309780788608
318,0.6961318750000001,9.280000000000003,23.64,25.291161730885506
319,0.695872,0.3200000000000003,23.942000000000004,27.924645164515823
320,0.6952285,15.199999999999996,23.484,53.06257226760499
321,0.694288,43.519999999999996,24.668000000000006,64.53349356516264
322,0.6929514999999999,30.399999999999995,27.72,101.36306810565293
323,0.6923079999999999,24.89999999999999,29.036,50.27970538614318
324,0.691404625,45.88,29.088000000000005,47.993995271623135
325,0.690464125,23.679999999999986,27.05,50.788472862681374
326,0.69000625,-0.35999999999999943,21.746,17.061635930789635
327,0.6896226249999999,10.739999999999993,20.35599999999999,22.67198371514678
328,0.6889667500000001,22.859999999999992,21.71399999999999,39.72282900032587
329,0.6880262500000001,44.379999999999995,26.119999999999994,78.05304031446576
330,0.6869372499999999,36.659999999999975,28.26599999999999,73.00883398856968
331,0.68654125,-6.200000000000001,23.293999999999993,19.810468091163784
332,0.685959625,10.860000000000003,21.339999999999996,39.575057411100715
333,0.6847468750000001,25.4,21.389999999999993,108.3384167002514
334,0.6837445,31.05999999999998,19.907999999999994,94.68651843210682
335,0.682346125,21.82,19.72199999999999,89.65014784201048
336,0.6812695,29.340000000000014,22.691999999999993,64.70210227719508
337,0.6807745000000001,21.999999999999996,23.817999999999994,44.582448384258896
338,0.67985875,33.13999999999999,24.845999999999993,58.49479142250493
339,0.678089125,59.39999999999997,26.347999999999992,112.16722668695729
340,0.677854,6.359999999999998,23.317999999999994,8.377739798743278
341,0.676628875,38.22,27.75999999999999,102.96176216402091
342,0.6761215,11.33999999999999,27.807999999999986,66.5575475776568
343,0.675366625,38.1,29.077999999999996,50.81385580543429
344,0.6748221249999999,2.520000000000005,26.223999999999997,35.96764775016345
345,0.674191,25.339999999999993,26.575999999999993,52.72884233063087
346,0.673683625,12.199999999999994,24.86199999999999,39.105002912227064
347,0.672124375,48.39999999999998,27.50199999999999,125.66693349322304
348,0.671023,33.599999999999994,27.54799999999999,89.4436678099446
349,0.6697731250000001,38.38,25.445999999999994,114.06174891407136
350,0.6692905,2.660000000000002,25.075999999999997,71.8381308359094
351,0.6687212499999999,25.240000000000002,23.777999999999995,39.40501984790899
352,0.667817875,18.59999999999998,24.503999999999998,58.48246414377354
353,0.6673104999999999,1.1800000000000086,20.811999999999994,38.94858521223068
354,0.666555625,21.599999999999973,22.71999999999999,50.40011502429843
355,0.6661596249999999,8.05999999999999,20.99199999999999,47.081916245631874
356,0.665169625,31.899999999999988,22.961999999999993,61.83045826200396
357,0.6646375,3.420000000000007,18.46399999999999,63.59425576101057
358,0.6639692500000001,24.06,17.509999999999998,52.912002803292125
359,0.663734125,5.580000000000004,14.229999999999995,13.991901164874434
360,0.662843125,29.419999999999984,16.905999999999995,91.17778895515949
361,0.662570875,-2.6799999999999997,14.113999999999994,27.593112385831773
362,0.6610858749999999,32.380000000000024,15.491999999999996,143.47714811819606
363,0.6607270000000001,12.000000000000002,16.573999999999995,38.90987206436694
364,0.6596627500000001,41.93999999999998,18.607999999999997,77.51214407826774
365,0.6586108749999999,22.599999999999977,20.061999999999994,89.05622732453048
366,0.6576580000000001,25.259999999999962,19.397999999999993,69.61993494117633
367,0.6563091249999999,44.09999999999999,23.46599999999999,111.04560016281903
368,0.65609875,5.979999999999999,21.657999999999994,19.507341016083956
369,0.65298025,74.55999999999995,28.555999999999983,306.80375170870684
370,0.6522377500000001,38.83999999999998,29.497999999999983,41.85066799679771
371,0.651928375,7.199999999999999,30.48599999999999,16.747314399573952
372,0.6515200000000001,11.360000000000001,28.383999999999986,30.670537675963715
373,0.6502082499999999,26.599999999999994,29.843999999999983,104.7868034359999
374,0.649700875,13.680000000000001,27.01799999999999,33.39242856600322
375,0.6485871249999999,44.62,29.219999999999988,94.15631783986464
376,0.64768375,26.900000000000006,29.383999999999993,80.66036413179245
377,0.646409125,27.300000000000008,27.70399999999999,124.44989506644197
378,0.6461245,8.059999999999997,27.911999999999995,35.681306429207325
379,0.6457161250000001,1.0600000000000005,20.562,36.16989184822887
380,0.6454314999999999,16.499999999999996,18.328000000000003,33.00262228306383
381,0.644181625,38.360000000000014,21.444000000000003,110.66352878208272
382,0.643204,35.17999999999997,23.826,85.52696698647924
383,0.64293175,17.64,22.93,27.557849389966577
384,0.64248625,12.799999999999995,22.842,41.60281055420637
385,0.642201625,14.560000000000004,19.836,8.589896025601774
386,0.641558125,16.000000000000007,18.746,60.716764143900946
387,0.64015975,74.45999999999992,23.461999999999993,118.8635366037488
388,0.639875125,-2.0999999999999996,22.44599999999999,30.192921625915915
389,0.6390955,21.119999999999983,24.451999999999988,82.50796033465303
390,0.638711875,7.880000000000003,23.58999999999999,41.27299819840118
391,0.6382168749999999,20.599999999999994,21.813999999999986,60.17501815012656
392,0.637845625,9.079999999999998,19.20399999999999,41.51865819329396
393,0.637424875,2.080000000000002,17.647999999999993,36.00483758607879
394,0.636868,2.2400000000000073,16.59199999999999,52.06044183066115
395,0.6359893750000001,35.579999999999984,18.69399999999999,58.23217902216129
396,0.635692375,-0.9799999999999986,16.995999999999988,33.258603665977716
397,0.635197375,26.119999999999987,12.161999999999995,30.61999214673415
398,0.634294,29.599999999999994,15.331999999999994,82.96498512336984
399,0.633761875,24.49999999999999,15.669999999999998,57.696768555790186
400,0.633266875,14.15999999999999,16.297999999999995,41.2518330628518
401,0.63283375,0.12000000000000277,14.249999999999996,35.90040087304078
402,0.632413,30.080000000000013,16.349999999999998,46.84589236602187
403,0.631781875,3.7800000000000065,16.519999999999996,68.33670625835657
404,0.631559125,-4.22,15.873999999999995,24.698120900429785
405,0.631311625,-3.38,11.977999999999998,22.15342035656795
406,0.630371125,37.879999999999974,15.863999999999995,88.04038571030833
407,0.629306875,38.05999999999999,17.057999999999993,69.48882287344895
408,0.6284406250000001,45.09999999999997,18.607999999999993,90.90075101982802
409,0.6280075,22.75999999999999,18.433999999999994,27.482850116677582
410,0.62763625,10.72,18.089999999999996,60.172956093680114
411,0.6271165000000001,1.2000000000000046,18.197999999999997,52.340738399652764
412,0.625693375,75.91999999999999,22.781999999999993,135.1666124095209
413,0.6244682500000001,41.48,26.551999999999992,118.47184995934367
414,0.623812375,5.720000000000006,27.546,71.20601482503116
415,0.623094625,27.059999999999988,30.589999999999993,82.5507040657103
416,0.622822375,-1.9799999999999986,26.603999999999992,30.588864824734628
417,0.6223026250000001,2.460000000000006,23.043999999999993,35.84674848802388
418,0.621807625,3.2400000000000055,18.858,43.80284942872822
419,0.620966125,8.580000000000002,17.44,88.0887380731292
420,0.62021125,29.739999999999966,19.341999999999995,63.42058410309255
421,0.619901875,-0.9399999999999995,19.127999999999997,30.224774054833688
422,0.6194934999999999,12.759999999999996,12.811999999999998,27.807250161655247
423,0.61877575,24.82,11.145999999999997,79.35472407238558
424,0.6184540000000001,-1.3800000000000008,10.435999999999996,27.40572709403932
425,0.616486375,63.939999999999884,14.123999999999986,186.74390831775963
426,0.615793375,29.47999999999999,17.269999999999985,76.57696327916346
427,0.615446875,10.180000000000003,18.041999999999984,22.085911327041686
428,0.614555875,35.079999999999984,21.22599999999998,66.11372946645133
429,0.613504,34.299999999999976,23.79799999999998,120.45068224752322
430,0.6124026250000001,58.01999999999996,26.625999999999983,98.83168498240411
431,0.6114744999999999,21.77999999999997,28.89799999999998,125.09213766409084
432,0.610694875,33.03999999999998,30.92599999999997,71.40787919494323
433,0.6099276250000001,29.919999999999998,31.43599999999998,90.110804178752
434,0.6096801249999999,-3.76,31.197999999999972,2.999867192003876
435,0.6090861249999999,36.47999999999999,28.451999999999988,57.47942453622818
436,0.608244625,43.39999999999997,29.843999999999983,84.71606788109057
437,0.6073165,32.399999999999984,32.06599999999998,93.40528403338976
438,0.60654925,25.580000000000005,31.11599999999998,84.76148498710245
439,0.605695375,22.17999999999998,29.903999999999986,98.41740371636115
440,0.603467875,72.3799999999999,31.339999999999982,199.08585232612677
441,0.60219325,42.379999999999974,33.399999999999984,122.90912268054672
442,0.601859125,10.140000000000002,31.109999999999978,32.88169190334156
443,0.6016487500000001,-1.9999999999999982,27.917999999999985,19.268765904009342
444,0.600695875,35.41999999999998,31.835999999999977,84.94828413892537
445,0.599854375,34.73999999999997,31.66199999999997,79.5334335861262
446,0.599186125,5.140000000000011,27.835999999999974,73.67363435868174
447,0.598654,13.04,25.899999999999984,51.77954671764746
448,0.598270375,-0.019999999999997797,23.33999999999998,67.36712863203138
449,0.597849625,1.8600000000000048,21.307999999999986,29.91444921027869
450,0.597602125,8.499999999999995,14.919999999999996,13.662579372059554
451,0.596661625,39.799999999999976,14.661999999999995,106.32577139162458
452,0.5961295,-0.6199999999999903,13.585999999999995,35.77026995574124
453,0.594557875,60.77999999999998,19.863999999999987,112.54167370824143
454,0.593864875,19.31999999999997,18.25399999999999,66.29182939068414
455,0.5926645,52.03999999999998,19.98399999999999,93.39222714165226
456,0.5919220000000001,32.95999999999997,22.76599999999999,68.4474274548702
457,0.5909567499999999,65.53999999999998,28.015999999999984,71.06831481400877
458,0.5897935000000001,50.45999999999999,33.063999999999986,110.1767355625052
459,0.589558375,-3.4799999999999995,32.52999999999998,22.313107860274613
460,0.58892725,17.359999999999978,33.41599999999998,73.55951955821365
461,0.588073375,32.17999999999999,32.65399999999998,107.96678949613124
462,0.587132875,54.99999999999995,38.21599999999998,85.94463169807568
463,0.585944875,15.159999999999991,33.65399999999998,114.55096262553707
464,0.5847197500000001,42.47999999999998,35.96999999999998,90.6388923281338
465,0.5839896250000001,28.339999999999996,33.59999999999998,57.59383965539746
466,0.5836555000000001,-1.339999999999998,30.169999999999987,35.407141914824024
467,0.5827150000000001,36.15999999999998,27.23199999999998,119.50458231917582
468,0.58170025,34.36,25.621999999999993,136.71800979599357
469,0.581366125,9.200000000000001,26.889999999999986,29.913673042319715
470,0.580697875,30.959999999999972,28.24999999999999,62.34694213792682
471,0.580103875,2.980000000000004,25.32999999999999,52.13021548115648
472,0.5787178749999999,47.82,24.611999999999995,162.73751275823452
473,0.578123875,24.079999999999984,25.50399999999999,35.70396149344742
474,0.5775669999999999,11.719999999999999,22.427999999999994,38.55758346687071
475,0.5761067500000001,65.11999999999993,26.105999999999987,125.31188888428733
476,0.575129125,51.01999999999997,31.341999999999985,100.75116858258843
477,0.574361875,31.080000000000002,30.833999999999982,82.05234004324302
478,0.57382975,6.6000000000000085,28.057999999999986,51.443875844124705
479,0.5731738749999999,29.759999999999977,30.113999999999987,71.25040223542601
480,0.5718497499999999,39.57999999999997,30.97599999999999,122.90033121895976
481,0.5709835,43.7,35.04799999999998,65.50156522472389
482,0.56977075,50.89999999999999,35.35599999999998,104.31513115041889
483,0.568174375,52.70000000000003,38.21799999999998,173.80677458806895
484,0.5674937499999999,16.259999999999998,38.67199999999999,51.68476658244617
485,0.5658726249999999,71.31999999999994,39.29199999999999,114.72911700513214
486,0.5654395,23.29999999999999,36.519999999999996,59.89614035654813
487,0.564734125,27.87999999999999,36.199999999999996,68.14375276584178
488,0.5644,10.059999999999993,36.545999999999985,24.480422586901113
489,0.5630016250000001,86.55999999999995,42.225999999999985,139.14422955177724
490,0.5621477500000001,28.69999999999998,41.137999999999984,76.23218952328898
491,0.560848375,48.53999999999998,41.62199999999998,124.88116802275181
492,0.5605266250000001,-1.0599999999999987,36.42599999999998,30.397489454131573
493,0.560031625,1.7600000000000033,31.331999999999976,30.549470198107883
494,0.558893125,37.75999999999999,33.48199999999998,116.69354111794382
495,0.558361,11.559999999999992,27.505999999999982,73.03773700026795
496,0.557965,0.7800000000000029,25.25399999999999,40.58503596717492
497,0.5566285,42.2,26.68599999999999,162.00559769012034
498,0.556343875,-4.340000000000001,25.245999999999988,19.185265572275966
499,0.555329125,58.879999999999946,22.477999999999987,81.10598663776182
500,0.5543515,58.13999999999994,25.421999999999983,113.35906589124352
501,0.552718,59.09999999999994,26.47799999999998,152.08462414797395
502,0.552383875,8.659999999999997,27.449999999999978,18.91928816982545
503,0.55204975,-0.4799999999999969,27.225999999999978,32.64048878476024
504,0.5511835,25.92,26.04199999999998,70.9330596323125
505,0.550750375,10.960000000000003,25.98199999999998,43.28636924177408
506,0.550045,26.799999999999997,28.583999999999982,75.88126476341859
507,0.5496985000000001,8.779999999999996,25.241999999999983,19.245230726432055
508,0.549389125,9.920000000000002,26.667999999999978,35.102279720362276
509,0.54878275,26.279999999999987,23.407999999999987,81.18083095597103
510,0.548126875,28.359999999999992,20.429999999999986,43.2913554282859
511,0.5476194999999999,9.159999999999998,15.435999999999996,38.045128285419196
512,0.547334875,8.219999999999995,15.391999999999996,30.26496725808829
513,0.5466295,24.939999999999998,17.933999999999994,80.88810785580426
514,0.546184,21.61999999999999,17.503999999999998,56.8835654980503
515,0.544859875,89.3599999999999,25.343999999999983,122.2054396965541
516,0.544092625,31.079999999999977,25.771999999999984,62.788418841548264
517,0.5435976250000001,24.639999999999986,27.357999999999983,53.93551607616246
518,0.543412,-4.9399999999999995,25.871999999999986,21.656933289952576
519,0.5427685,14.660000000000005,24.709999999999983,43.96276495954953
520,0.54239725,21.639999999999993,24.037999999999986,33.00137385632843
521,0.541914625,21.959999999999987,25.31799999999998,62.004395260475576
522,0.540404875,67.59999999999992,31.25599999999998,160.08180692908354
523,0.539835625,17.57999999999998,30.519999999999975,37.981291328556836
524,0.539538625,17.78,30.135999999999978,13.444753912743181
525,0.538598125,45.239999999999995,25.723999999999982,86.70715818274766
526,0.537360625,47.01999999999998,27.31799999999999,135.23075836454518
527,0.536543875,26.25999999999999,27.479999999999983,96.92423146101646
528,0.535826125,28.99999999999997,30.873999999999988,88.38257956830785
529,0.535083625,29.91999999999998,32.39999999999998,94.43552745785564
530,0.5345143750000001,11.41999999999999,31.37799999999998,40.14943706430495
531,0.534205,-2.099999999999998,28.971999999999987,29.630493094213307
532,0.5336728749999999,25.05999999999998,24.71799999999999,46.046688329195604
533,0.53323975,22.279999999999994,25.187999999999988,40.68933411128819
534,0.5322745,46.77999999999999,28.087999999999987,100.30586357228458
535,0.531915625,11.92,24.755999999999986,48.50518785091117
536,0.5313092500000001,30.079999999999984,23.061999999999987,51.485777092631906
537,0.5309875,8.559999999999995,21.29199999999999,21.966216494562104
538,0.529415875,133.61999999999998,31.753999999999984,199.66609481861815
539,0.528859,14.41999999999998,30.203999999999986,43.08005951810628
540,0.528574375,7.74,29.83599999999999,37.69725985266268
541,0.528351625,8.2,30.865999999999993,34.88282998977229
542,0.527807125,26.799999999999976,31.039999999999985,50.72151362756267
543,0.52715125,25.699999999999996,31.381999999999987,67.42234810069203
544,0.5259756250000001,38.47999999999999,30.551999999999985,137.11076407087967
545,0.524602,48.28,34.18799999999999,110.9869723895099
546,0.5232655,90.57999999999996,40.237999999999985,132.04164626449347
547,0.5223745,31.97999999999999,42.579999999999984,100.50493981176987
548,0.521718625,28.11999999999999,32.02999999999999,78.06782540725544
549,0.5211865,25.039999999999992,33.091999999999985,61.77816472016275
550,0.520456375,30.67999999999999,35.38599999999998,78.81879968591966
551,0.520085125,9.699999999999998,35.53599999999999,64.12874110229313
552,0.5197633749999999,-0.9799999999999969,32.75799999999999,24.26483559748158
553,0.5189095,57.019999999999946,35.88999999999998,107.13390578515828
554,0.5178205,59.47999999999997,37.98999999999998,99.38388279266655
555,0.5167191250000001,42.539999999999964,37.41599999999998,118.91855180356652
556,0.515877625,36.56000000000001,32.01399999999998,91.45359866833314
557,0.515308375,24.92,31.307999999999986,69.68338795145974
558,0.5144545,51.26000000000002,33.62199999999999,101.925717884209
559,0.514207,-4.84,30.633999999999986,34.79930596938357
560,0.5131675,70.55999999999997,34.62199999999999,110.43615244259126
561,0.5127096250000001,22.359999999999992,35.88799999999999,61.74865841772407
562,0.5110885000000001,71.75999999999999,43.16199999999999,164.55588441621512
563,0.5102965,30.839999999999975,40.54399999999999,83.82526125572622
564,0.5095540000000001,22.17999999999997,36.81399999999998,74.6626188592054
565,0.508564,26.31999999999999,35.19199999999999,138.7537434201222
566,0.506918125,72.39999999999989,38.775999999999975,153.05283918511122
567,0.5063983750000001,13.459999999999988,37.62999999999998,61.79397928714752
568,0.50532175,35.320000000000014,36.03599999999998,118.4228300708346
569,0.504294625,43.259999999999955,40.84599999999997,136.03337476262823
570,0.504121375,-4.119999999999999,33.37799999999997,21.692211565561593
571,0.503354125,29.139999999999972,34.05599999999997,90.64291353849694
572,0.502834375,12.83999999999999,28.163999999999977,72.1240058913827
573,0.5023022500000001,23.040000000000006,27.38399999999998,47.995499845128506
574,0.49991387499999995,92.39999999999982,34.40599999999996,260.47850812319666
575,0.4997035000000001,6.520000000000001,32.425999999999966,16.324401347432286
576,0.4982185,71.07999999999993,32.29399999999997,168.7987214801833
577,0.497488375,30.039999999999985,33.95199999999996,83.39841422438622
578,0.49652312499999995,35.999999999999986,34.01999999999996,102.44682046677917
579,0.495681625,35.79999999999998,33.273999999999965,111.60782794328406
580,0.49508762500000003,5.000000000000007,34.185999999999964,51.26401970908046
581,0.4939367499999999,57.11999999999996,36.983999999999966,157.85421053739265
582,0.49366450000000006,8.179999999999994,36.51799999999996,13.580714135896415
583,0.49328087500000006,0.9800000000000022,34.31199999999997,55.87924332590774
584,0.49289724999999995,21.599999999999994,27.23199999999998,47.75416942872107
585,0.4921547500000001,42.55999999999999,30.835999999999984,85.06134879309684
586,0.49104099999999995,63.35999999999992,30.063999999999982,134.1113070989959
587,0.49052125,26.33999999999999,29.693999999999978,61.56853148480877
588,0.48894962500000005,75.77999999999994,33.67199999999998,173.01242625433952
589,0.4886031249999999,9.24,31.015999999999984,32.251586880069226
590,0.487378,40.859999999999985,34.601999999999975,128.5984655218199
591,0.48620237499999996,63.919999999999945,35.28199999999998,118.7922381288372
592,0.485162875,36.459999999999994,38.10999999999997,139.97705724742264
593,0.48464312499999995,33.78,41.38999999999997,77.37447394384071
594,0.483752125,32.05999999999998,42.43599999999997,93.32554327324033
595,0.483418,18.819999999999993,40.061999999999976,37.42571541201323
596,0.48240325000000006,39.859999999999985,37.711999999999975,94.30174513440579
597,0.48175974999999993,26.839999999999975,37.761999999999986,66.70100527536124
598,0.48099250000000005,28.899999999999977,33.073999999999984,103.50180251896381
599,0.4798911250000001,60.33999999999994,38.183999999999976,132.98810081509873
600,0.47907437499999994,29.120000000000005,37.00999999999998,113.67064047371969
601,0.47864125,21.499999999999993,32.76799999999999,53.02697943709791
602,0.478356625,18.6,30.98199999999999,26.926097423769534
603,0.4777255,25.339999999999982,30.137999999999984,48.31221098965034
604,0.4770448749999999,48.040000000000006,31.73599999999999,110.70863817585632
605,0.47629,30.89999999999997,32.94399999999998,98.59898000815883
606,0.47585687499999996,12.299999999999999,30.187999999999988,58.506316982675344
607,0.47338187500000006,117.37999999999981,39.241999999999976,275.38895924622193
608,0.47261462499999995,28.839999999999996,39.23599999999997,99.88281061220914
609,0.47158750000000005,41.699999999999946,37.371999999999964,130.55450660688803
610,0.47114199999999995,11.7,35.62999999999997,53.0148433833383
611,0.470746,21.71999999999999,35.651999999999965,48.063041302375495
612,0.4695579999999999,62.619999999999976,40.05399999999996,143.9477950455621
613,0.468271,63.959999999999944,43.91599999999996,183.0642419126816
614,0.468060625,-1.8399999999999999,38.92799999999996,18.337404610589147
615,0.467268625,32.39999999999999,39.07799999999997,112.8901164853014
616,0.4650782499999999,140.42000000000002,51.889999999999965,213.27097319997847
617,0.464372875,40.219999999999985,44.173999999999985,77.69425478810444
618,0.463321,63.09999999999993,47.59999999999997,158.9328563110903
619,0.46268987500000003,4.880000000000006,43.917999999999985,84.0836522881873
620,0.46166275,42.639999999999965,47.01199999999998,122.88628317927942
621,0.46085837500000004,29.240000000000016,47.76399999999999,105.93372253794223
622,0.459893125,50.499999999999964,46.55199999999998,112.30738646024838
623,0.45929912500000003,27.319999999999986,42.887999999999984,71.92705639265478
624,0.45870512499999994,28.25999999999997,45.89799999999998,105.59815274039283
625,0.45766562499999996,43.19999999999996,46.97799999999997,151.00506115914322
626,0.457121125,37.82,36.717999999999975,82.0794626083225
627,0.45569800000000005,57.779999999999994,38.473999999999975,166.75400729477406
628,0.45377987500000005,102.83999999999982,42.447999999999965,215.36931682517752
629,0.453433375,29.319999999999986,44.89199999999997,21.565960898064077
630,0.452728,40.919999999999995,44.71999999999997,82.39401837810874
631,0.4523443749999999,18.419999999999995,43.63799999999996,42.31422806857154
632,0.451874125,25.19999999999998,41.10799999999997,65.80146199604496
633,0.449956,102.03999999999985,48.579999999999956,205.11577272368595
634,0.4484214999999999,41.980000000000004,49.951999999999956,197.0586286697071
635,0.4474933750000001,39.01999999999996,49.533999999999956,124.69053925201297
636,0.4470231250000001,16.19999999999998,47.371999999999964,55.22478645388037
637,0.446602375,1.1600000000000037,41.70999999999996,50.703972190385684
638,0.44611975000000004,25.539999999999985,33.979999999999976,65.64178168494254
639,0.44582274999999993,10.119999999999992,32.059999999999974,37.25584650365636
640,0.445340125,22.89999999999999,30.257999999999974,61.494954597670585
641,0.444449125,37.95999999999997,32.211999999999975,93.50040039233863
642,0.44411500000000004,-1.0999999999999996,29.581999999999976,37.38898113369942
643,0.443533375,27.99999999999998,22.177999999999987,78.79768847068772
644,0.442716625,33.17999999999998,21.297999999999984,110.59892818378285
645,0.44258049999999993,5.080000000000002,17.90399999999999,18.36662680376321
646,0.441442,53.71999999999996,21.655999999999988,137.55538686271757
647,0.44062524999999997,36.43999999999997,25.183999999999983,113.93550102692097
648,0.44040250000000003,-1.959999999999999,22.433999999999987,28.991791147738695
649,0.439177375,56.45999999999994,27.067999999999977,163.69623788399622
650,0.43833587499999993,66.03999999999998,31.381999999999977,130.78185120318085
651,0.437222125,50.999999999999964,32.68599999999997,137.53431862639263
652,0.436900375,12.439999999999992,34.03999999999998,31.79055021284148
653,0.436256875,40.33999999999999,35.27399999999998,78.28709295392036
654,0.434809,81.59999999999992,40.11599999999997,177.3374871860724
655,0.43399224999999997,35.57999999999997,43.16599999999997,103.04302942752838
656,0.432866125,70.66,44.85999999999998,147.98679840797558
657,0.4315914999999999,50.01999999999999,46.217999999999975,199.32527345069684
658,0.43123262500000004,9.52,47.36599999999997,44.25142403272912
659,0.43062625,27.21999999999997,44.44199999999997,67.91982361068949
660,0.4301807500000001,23.179999999999986,40.155999999999985,60.305285529233515
661,0.42974762499999997,10.179999999999998,36.073999999999984,46.76306058745831
662,0.42904224999999996,37.17999999999998,38.54799999999998,84.5189895760268
663,0.42889374999999996,-4.579999999999999,34.055999999999976,20.98286241106689
664,0.42800275,45.719999999999985,30.46799999999999,139.18332753749564
665,0.42724787499999994,32.91999999999997,30.201999999999988,121.18479887302965
666,0.42654249999999994,26.779999999999994,25.813999999999986,91.71229311916977
667,0.425144125,68.17999999999998,27.629999999999985,166.10315068718046
668,0.42424075000000006,39.099999999999966,30.587999999999983,147.10440724063665
669,0.42379524999999996,23.57999999999999,30.223999999999982,52.56780456728302
670,0.42347349999999995,-2.0600000000000005,27.69999999999999,31.766520457342267
671,0.422669125,20.87999999999998,28.76999999999999,89.92071797326207
672,0.422050375,46.779999999999994,29.729999999999983,103.06017054943368
673,0.42174100000000003,0.5400000000000045,30.24199999999999,39.117076482623816
674,0.421035625,43.01999999999998,29.971999999999987,84.70014908676967
675,0.42013225,34.27999999999997,30.107999999999986,92.91661805473268
676,0.4191051250000001,49.59999999999998,32.38999999999998,118.66518866084516
677,0.41859775,24.51999999999999,28.023999999999983,45.47997480677441
678,0.418238875,0.3000000000000007,24.143999999999988,55.32475532172248
679,0.41755825,26.039999999999992,24.389999999999993,89.9726015003398
680,0.416531125,55.25999999999997,30.121999999999986,141.59444005042315
681,0.41536787499999994,60.17999999999991,34.05199999999998,151.75599614530802
682,0.41425412500000003,55.05999999999997,34.879999999999974,132.09680133778602
683,0.4140066250000001,6.9399999999999995,35.519999999999975,23.872247216757387
684,0.41353637500000007,13.8,32.59799999999998,73.24297369876876
685,0.41047975000000003,152.29999999999993,44.39999999999998,401.62467554211617
686,0.409403125,48.72000000000001,44.311999999999976,133.35971732996404
687,0.4088710000000001,26.67999999999998,44.52799999999998,62.68542633485049
688,0.40869774999999997,-2.6399999999999997,44.233999999999966,23.593237173743546
689,0.4079181249999999,34.93999999999996,45.12399999999998,110.23607964906842
690,0.407274625,20.199999999999967,41.61799999999997,70.8569711977616
691,0.406061875,65.3399999999999,42.13399999999997,178.93829384399578
692,0.4044654999999999,81.55999999999989,44.78399999999996,195.41913024755195
693,0.403525,26.71999999999998,46.761999999999965,156.46014175983146
694,0.40301762500000005,22.340000000000003,47.615999999999964,78.01446447521448
695,0.40275775,19.779999999999994,34.363999999999976,15.68513551261276
696,0.40181725,37.339999999999975,33.225999999999964,120.211325972341
697,0.40098812500000003,40.57999999999999,34.615999999999964,114.61133155226707
698,0.39980012499999995,67.89999999999993,41.66999999999996,137.69627883983776
699,0.39960212500000003,5.640000000000002,38.73999999999997,29.19710036413744
700,0.398166625,81.01999999999984,44.82199999999996,216.44633135618642
701,0.39705287499999997,59.999999999999986,44.28799999999997,156.4036868386902
702,0.39681774999999997,17.919999999999998,37.92399999999997,18.614340906962752
703,0.3962485,23.54,37.60599999999997,60.0070624332875
704,0.39608762500000005,-4.159999999999999,34.955999999999975,23.759788021445274
705,0.39534512499999996,29.159999999999993,35.89399999999996,86.81209682766348
706,0.393513625,133.09999999999985,45.469999999999956,248.41829824307933
707,0.393117625,19.46,43.35799999999996,39.943264979403466
708,0.3923627500000001,41.839999999999975,40.75199999999997,113.98250197293237
709,0.391731625,17.73999999999998,41.961999999999954,78.46033962629735
710,0.39148412499999996,-1.9000000000000004,33.66999999999998,31.19057985767722
711,0.39043225000000004,62.01999999999996,33.87199999999998,101.58354578912258
712,0.38992487500000006,22.739999999999988,34.35399999999998,55.45981583977118
713,0.38941749999999997,21.79999999999999,34.17999999999998,57.66154760075733
714,0.388934875,36.31999999999999,38.22799999999997,93.67441503377631
715,0.388378,26.75999999999999,37.98799999999997,87.73629286373034
716,0.3876478750000001,64.15999999999998,31.093999999999987,119.12284328974783
717,0.38621237499999994,104.1199999999999,39.559999999999974,224.8233945025131
718,0.38592775,29.539999999999992,38.32999999999997,25.951591903343797
719,0.38555649999999997,13.359999999999987,37.89199999999998,65.3648788984865
720,0.385098625,25.779999999999987,40.65999999999998,55.039398486725986
721,0.38450462500000004,14.52,35.90999999999998,88.26321520330384
722,0.3840962499999999,31.279999999999994,36.76399999999998,44.39489690866321
723,0.38352699999999995,26.799999999999983,37.263999999999974,95.54748930316418
724,0.38305674999999995,32.61999999999999,36.893999999999984,80.33114917483181
725,0.38251225,25.939999999999984,36.81199999999998,69.91607534373179
726,0.38075500000000007,105.55999999999985,40.95199999999997,290.0360605507158
727,0.38043325000000006,0.5000000000000053,30.589999999999975,31.53665485046804
728,0.3802476250000001,-3.079999999999999,27.32799999999998,30.98486585263163
729,0.37957937500000005,49.47999999999999,30.939999999999976,125.94026630278677
730,0.378861625,44.37999999999997,32.799999999999976,116.07441662158817
731,0.377822125,61.89999999999997,37.537999999999975,124.87606670986861
732,0.37751275000000006,-1.559999999999997,34.25399999999998,72.10827181767672
733,0.37683212499999996,30.619999999999983,34.63599999999998,97.14568150881678
734,0.3758421249999999,50.25999999999998,36.39999999999998,135.26411176286638
735,0.37524812500000004,16.239999999999995,35.42999999999997,91.21740967500955
736,0.37479025,15.619999999999983,26.43599999999999,49.75409860163927
737,0.37430762500000003,26.399999999999984,29.02599999999999,60.721251193434
738,0.373664125,29.659999999999975,32.29999999999998,87.80390718113631
739,0.3731567499999999,26.779999999999973,30.02999999999998,75.91215733531862
740,0.37264937500000006,22.57999999999999,27.849999999999984,72.92829184886068
741,0.37167174999999997,61.87999999999994,27.847999999999978,117.0176660194993
742,0.370718875,37.439999999999955,31.74799999999998,146.28003799775615
743,0.369753625,93.47999999999995,38.03399999999997,141.891072566621
744,0.36893687500000005,55.57999999999998,38.565999999999974,113.92252841964364
745,0.36849137499999995,14.49999999999998,38.391999999999975,57.049423774238676
746,0.367204375,69.75999999999992,43.80599999999997,203.63796613644809
747,0.366536125,42.67999999999997,45.43399999999996,70.17473113862798
748,0.36602875,15.599999999999984,44.027999999999956,75.58861958608031
749,0.364407625,88.29999999999993,50.17999999999995,215.6351316086948
750,0.363145375,82.0199999999999,56.123999999999945,202.00138915586285
751,0.361907875,48.45999999999996,54.78199999999995,155.06036554509774
752,0.36130150000000005,26.819999999999993,53.719999999999956,98.015640177764
753,0.36083125000000005,36.19999999999999,47.99199999999996,64.7302088867873
754,0.360163,28.559999999999988,45.289999999999964,93.67418991401792
755,0.358579,119.37999999999985,55.77799999999995,260.2752743191086
756,0.357477625,70.27999999999997,55.82999999999995,166.9058214002289
757,0.35705687500000005,10.859999999999998,52.64799999999995,71.90625774953514
758,0.35673512499999993,28.860000000000007,53.973999999999954,51.57810678007081
759,0.35583175,39.15999999999998,49.05999999999996,105.44216307811439
760,0.35554712499999996,-1.1600000000000001,40.74199999999997,43.8797501930967
761,0.35528724999999994,18.22,37.717999999999975,39.135211227461696
762,0.354482875,43.39999999999998,39.375999999999976,113.67686108127236
763,0.35315874999999997,59.45999999999996,41.70199999999998,178.85958427842706
764,0.352082125,84.17999999999994,47.26399999999997,144.66944628348574
765,0.351859375,-2.499999999999999,35.075999999999986,43.287428207695484
766,0.3505352500000001,82.95999999999992,36.34399999999998,225.96501668170094
767,0.34867899999999996,117.83999999999988,47.04199999999996,257.00191113352776
768,0.34809737500000004,36.81999999999999,47.837999999999965,102.21056009922177
769,0.34718162500000005,59.59999999999996,49.88199999999996,125.93208838626742
770,0.34658762499999995,28.79999999999998,52.877999999999965,83.3493230137974
771,0.346105,35.69999999999999,54.625999999999955,84.70442380290478
772,0.345449125,43.55999999999999,54.64199999999996,79.57485346496105
773,0.344483875,71.21999999999996,55.81799999999996,139.11989676067606
774,0.343097875,101.1999999999999,57.51999999999996,200.3589244503528
775,0.342503875,27.87999999999999,60.55799999999996,101.69760776311159
776,0.34146437499999993,76.47999999999995,59.90999999999995,171.2932450696826
777,0.340350625,74.27999999999996,55.55399999999996,146.18366086296737
778,0.338939875,100.41999999999992,61.91399999999995,171.587266840972
779,0.33726924999999996,100.99999999999991,66.05399999999995,232.1750649367459
780,0.33679899999999996,26.219999999999978,65.79599999999996,51.715118722990155
781,0.334187875,158.68000000000015,78.09399999999997,383.80590122006834
782,0.33321024999999993,55.13999999999995,79.25199999999997,161.34157606214285
783,0.33256675,40.419999999999995,76.17199999999997,99.76879802159965
784,0.33223262500000006,11.619999999999992,67.21399999999997,58.46849043481052
785,0.3299185,165.86000000000018,81.01199999999999,322.53880342515185
786,0.32798800000000006,127.56000000000003,86.11999999999999,331.1688081752509
787,0.326911375,57.29999999999992,84.42200000000001,185.19681769702584
788,0.32598324999999995,40.63999999999998,78.444,139.44535438204184
789,0.3247209999999999,74.17999999999992,75.76200000000001,171.47179760131985
790,0.32421362500000006,28.25999999999997,75.96600000000001,86.9775715013966
791,0.321639625,200.46000000000052,80.14400000000005,351.5554729606956
792,0.320897125,53.97999999999997,80.02800000000005,120.45181146077812
793,0.32014224999999996,39.04,79.89000000000006,106.79606071580201
794,0.31956062500000004,37.999999999999986,82.52800000000005,97.85192593652755
795,0.31911512499999994,26.759999999999977,68.61800000000002,78.73156927758828
796,0.3188428750000001,-2.3599999999999994,55.62600000000002,38.195512598380446
797,0.31849637499999994,0.5000000000000053,49.94600000000003,58.803004536777735
798,0.31819937499999995,10.57999999999999,46.940000000000026,48.360578276216984
799,0.3180385,-4.239999999999999,39.09800000000004,17.609648677520454
800,0.3159966249999999,131.33999999999986,49.40600000000003,290.8784152469598
801,0.3143631250000001,126.06,41.96599999999998,244.15879143914208
802,0.313620625,46.61999999999997,41.229999999999976,97.03247078508139
803,0.31218512500000006,79.6999999999999,45.29599999999997,196.21802240004763
804,0.311318875,38.979999999999954,45.39399999999996,124.37082565994933
805,0.31092287500000004,24.059999999999988,45.123999999999974,61.71525161340833
806,0.309376,113.55999999999993,56.715999999999966,241.24577703513205
807,0.307012375,144.82000000000016,71.14799999999998,382.47588219773024
808,0.306715375,7.9399999999999995,70.88399999999999,45.07876986358315
809,0.30563875000000007,51.719999999999956,76.47999999999999,179.3063834803179
810,0.30450025000000003,66.15999999999997,69.96199999999999,168.83822072856128
811,0.30390625000000004,38.339999999999975,61.18999999999998,78.10156754218042
812,0.3034236250000001,26.539999999999978,59.181999999999974,73.91120809689164
813,0.3018025,97.83999999999993,60.995999999999995,276.907723444514
814,0.30071349999999997,67.31999999999994,63.829999999999984,139.3221118208021
815,0.298374625,164.72000000000014,77.896,331.09085895260796
816,0.29686487500000003,95.21999999999984,76.06199999999998,241.64809174463153
817,0.29638224999999996,45.29999999999998,66.10999999999997,86.75053678639233
818,0.29523137499999996,87.03999999999994,74.01999999999995,169.44808140490204
819,0.29467449999999995,20.339999999999975,70.88199999999998,88.3978910241276
820,0.2940805000000001,30.67999999999998,67.33399999999996,121.37126333080232
821,0.29382062499999995,9.079999999999993,64.40799999999997,40.182255966588855
822,0.293300875,33.0,65.05399999999997,75.0969639737159
823,0.29222424999999996,64.85999999999997,61.755999999999986,135.88531927298754
824,0.28918,195.8800000000005,74.61200000000004,432.864316532854
825,0.28846225000000003,50.179999999999986,63.158,118.70956541411579
826,0.287992,13.959999999999983,55.032000000000025,80.42972707282752
827,0.286197625,132.2399999999999,63.72600000000002,289.4876080006361
828,0.284341375,137.94000000000008,68.81600000000003,284.2686775121838
829,0.283747375,26.859999999999978,69.46800000000005,125.65401788055897
830,0.282930625,48.75999999999997,71.27600000000004,134.51016505621374
831,0.28173025000000007,91.11999999999993,79.48000000000003,185.99694127589464
832,0.280901125,46.45999999999998,80.82600000000002,157.38814436551183
833,0.27904487499999997,150.96000000000015,89.43600000000005,273.9237260809168
834,0.277733125,89.8199999999999,78.82999999999998,182.84061134466901
835,0.2754685,146.4200000000001,88.454,376.7017064485699
836,0.27515912499999995,18.9,88.948,44.65429115854204
837,0.27470125,27.339999999999975,78.45800000000001,63.16654238291085
838,0.2737978750000001,61.659999999999954,70.82999999999998,118.03873007651418
839,0.2722881250000001,101.27999999999989,78.27199999999998,219.6472596921958
840,0.2716075,42.559999999999974,77.65199999999999,107.24040647782385
841,0.271372375,-2.7799999999999994,68.26199999999999,42.324771739542484
842,0.2710258750000001,20.39999999999999,65.65599999999999,64.0451426524669
843,0.27080312500000003,-1.3399999999999999,50.42599999999997,20.275300124660134
844,0.27003587500000004,67.31999999999996,48.17599999999999,124.18016132060438
845,0.26867462500000006,87.01999999999991,42.23599999999996,202.30518143670633
846,0.26788262500000004,46.21999999999997,44.96799999999997,146.35265429597348
847,0.26643474999999994,105.29999999999988,52.76399999999995,198.25542772002518
848,0.26587787500000004,39.87999999999997,50.585999999999956,70.99092503078282
849,0.26551899999999995,11.999999999999988,41.65799999999997,60.04255947098136
850,0.26493737500000003,47.91999999999999,42.193999999999974,104.01968216802925
851,0.264331,29.859999999999978,45.45799999999996,118.14643687009811
852,0.26376175,43.33999999999996,47.75199999999996,65.16076427605003
853,0.2634771250000001,17.28,49.61399999999996,40.08788653463125
854,0.262561375,69.99999999999996,49.881999999999955,154.98673476837575
855,0.26204162499999994,45.72,45.75199999999997,90.43092341907322
856,0.26148474999999993,28.079999999999984,43.937999999999974,106.50431451573968
857,0.260853625,29.45999999999998,36.35399999999998,92.51538628153503
858,0.25797024999999996,185.54000000000028,50.92,462.1393335079774
859,0.255631375,154.2200000000001,65.14200000000002,410.91703312657773
860,0.2549754999999999,42.71999999999998,64.62200000000003,108.08055491931736
861,0.25434437499999996,30.39999999999997,64.67600000000003,94.41375521896407
862,0.251621875,147.8399999999999,75.126,428.41796368639916
863,0.2501245000000001,111.91999999999989,84.59,217.7933806553483
864,0.24985225,9.659999999999993,78.55600000000001,15.417026432231069
865,0.24871375000000007,78.87999999999994,81.872,168.13626455608755
866,0.24656049999999996,134.5199999999999,92.51599999999999,370.606155494228
867,0.245904625,43.659999999999975,93.93599999999999,93.11639318987727
868,0.24456812500000003,79.61999999999989,83.34399999999995,204.5577895436436
869,0.24388749999999992,41.69999999999998,72.09199999999993,99.31725650280714
870,0.242835625,77.21999999999993,75.54199999999994,175.0354688782245
871,0.24137537499999995,105.83999999999988,83.08599999999993,230.1828333158046
872,0.24005125000000005,124.99999999999994,80.80199999999994,236.85250019934028
873,0.23954387499999996,37.93999999999998,73.40399999999994,109.60916147753596
874,0.23932112500000002,8.200000000000001,73.25799999999994,55.90464299637824
875,0.23710600000000004,148.34000000000015,80.20399999999998,424.32471485063434
876,0.23693275000000003,-3.579999999999999,66.39399999999998,36.58665228076279
877,0.23586849999999993,59.79999999999993,68.00799999999995,183.68048707582057
878,0.23503937500000005,68.81999999999998,66.92799999999997,145.5525313373655
879,0.231958,237.16000000000062,86.47400000000005,505.39322431385517
880,0.23008937500000004,150.10000000000008,93.76200000000006,304.59829903021455
881,0.22808462499999993,133.60000000000002,96.53800000000007,371.40710855741054
882,0.22612937500000008,130.93999999999986,97.13200000000005,323.58132198639214
883,0.22543637500000002,41.27999999999999,97.46600000000007,113.32034410070628
884,0.223642,162.34000000000017,112.88000000000007,298.3482110267505
885,0.22252824999999998,87.31999999999991,106.77800000000005,169.2955010039732
886,0.22164962500000007,68.25999999999996,113.96200000000006,120.52089542336762
887,0.21987999999999996,144.60000000000002,122.44200000000005,299.03420048207045
888,0.21729362499999993,181.22000000000045,133.6820000000001,336.7217422872782
889,0.21682337499999993,24.179999999999993,112.38400000000006,73.91336954478174
890,0.2149795,139.68000000000012,111.34200000000006,332.9299418106675
891,0.21328412499999994,108.97999999999985,108.88000000000002,263.7537455037236
892,0.21066062500000005,214.64000000000064,117.25000000000011,483.88654007948935
893,0.21012850000000005,37.939999999999976,116.91600000000012,94.1870258897543
894,0.208284625,123.2399999999999,113.00600000000009,310.3780774399638
895,0.20697287500000006,109.63999999999993,115.23800000000008,250.19545447826385
896,0.20585912500000003,82.85999999999991,116.69800000000006,165.85685961227864
897,0.20558687499999995,0.3600000000000012,102.27400000000009,62.77257088571787
898,0.20501762499999998,37.95999999999999,87.94800000000004,106.67075879126787
899,0.20484437499999997,-5.6,84.97000000000004,28.21099153533578
900,0.20326037500000005,93.37999999999981,80.33999999999999,282.78517135977745
901,0.2025302499999999,55.65999999999997,75.00800000000001,135.95533418282866
902,0.20077299999999998,126.95999999999981,66.23999999999992,303.62928746268153
903,0.20027800000000007,28.05999999999998,65.25199999999992,50.75530564785004
904,0.19829800000000009,175.80000000000035,70.50799999999997,308.1205207258463
905,0.19728325000000002,75.15999999999995,67.05999999999997,189.90274564083666
906,0.19391725000000004,266.74000000000075,85.44800000000006,598.7957906201482
907,0.19193725000000006,130.4000000000001,98.45200000000007,354.8808819046244
908,0.19036562499999998,136.57999999999996,108.31400000000005,265.24968791380525
909,0.18871975000000007,132.86,122.16000000000008,291.6315602436662
910,0.18774212499999998,66.15999999999993,119.43800000000007,156.53923487849534
911,0.18709862499999996,40.27999999999999,117.90000000000006,92.7777642486617
912,0.18584875,81.99999999999991,113.40400000000008,203.32423452939838
913,0.18466075000000004,89.9399999999999,119.59200000000007,206.25467284675688
914,0.183460375,104.31999999999991,112.44400000000005,222.2480378895998
915,0.18223524999999996,92.23999999999988,114.15200000000002,200.5487943533808
916,0.18119575,86.25999999999993,96.10399999999996,178.69814171083272
917,0.17922812499999996,162.80000000000013,99.34399999999997,348.1250638831407
918,0.17785450000000003,107.47999999999985,96.43399999999994,217.18635087274015
919,0.1770625,59.959999999999944,89.14399999999992,192.86452573537827
920,0.17613437500000007,74.61999999999996,89.98999999999994,158.69724885560572
921,0.174822625,82.87999999999991,94.24999999999994,225.47957204654813
922,0.17290450000000002,141.31999999999996,100.18199999999993,367.4528434854001
923,0.171258625,110.81999999999988,102.26999999999994,265.94492518063635
924,0.16969937499999999,126.07999999999987,104.44599999999994,234.67054393608123
925,0.167719375,154.54,110.67599999999996,359.11694697709754
926,0.16545474999999998,170.09999999999997,119.05999999999995,378.81108869612217
927,0.16364800000000002,135.8,116.35999999999994,298.984502248466
928,0.1613215,194.10000000000042,125.02199999999998,417.2643398158252
929,0.15957662500000003,145.42000000000013,133.568,310.316460467875
930,0.15789362500000004,122.7399999999999,138.38000000000002,303.63103029690683
931,0.15738624999999995,48.25999999999998,134.918,107.42679227516055
932,0.15416874999999997,272.8800000000008,148.0740000000001,562.7744362913072
933,0.15161950000000002,198.18000000000026,156.81000000000014,497.98216404393315
934,0.14810499999999993,262.68000000000075,170.47000000000023,626.133628025651
935,0.14697887500000006,102.41999999999993,165.2580000000002,192.36646181158721
936,0.14372425,249.46000000000063,173.19400000000027,588.3311739200726
937,0.1425486250000001,92.69999999999993,168.8840000000003,194.2084461003542
938,0.138712375,256.6800000000005,175.1420000000003,670.1095329541713
939,0.13722737500000004,121.93999999999984,172.79400000000027,276.52247075363994
940,0.13669524999999993,28.799999999999976,163.40000000000026,78.87346876785159
941,0.13398512500000004,209.6000000000006,179.53400000000033,508.53404312580824
942,0.13095325000000002,274.50000000000057,179.6960000000003,473.9071500906721
943,0.12871337500000002,179.8200000000004,177.8600000000003,382.32069003395736
944,0.12810699999999997,40.09999999999997,155.60200000000023,112.60445276647806
945,0.12533500000000009,220.7200000000004,167.43200000000027,474.0774609223008
946,0.12429550000000011,78.43999999999994,150.3300000000002,166.65085147693753
947,0.12318174999999998,84.09999999999991,149.4700000000002,204.88058408349752
948,0.12154825000000002,126.12000000000003,136.41400000000016,262.1716409306973
949,0.11799662499999997,277.8400000000003,152.00400000000022,612.4727203547955
950,0.117278875,45.99999999999999,153.72400000000022,140.25349455326796
951,0.11474200000000001,180.30000000000032,150.7940000000002,433.9164231158793
952,0.112328875,192.8400000000004,142.62800000000016,432.6914673410356
953,0.11001475000000005,209.10000000000068,145.55600000000018,429.4020114094019
954,0.10902475,78.61999999999992,149.4080000000002,163.7662102431059
955,0.10835650000000008,43.53999999999998,131.69000000000014,110.83003332838416
956,0.10792337499999993,25.55999999999998,126.40200000000013,59.98988854885101
957,0.10697049999999997,84.05999999999993,126.39800000000014,192.72804342582822
958,0.10393862500000006,250.3600000000006,138.8220000000002,611.2023317869753
959,0.10169874999999995,176.12000000000026,128.6500000000002,388.2129814270884
960,0.09674874999999994,395.0799999999992,163.55800000000013,810.6404064642265
961,0.09292487500000002,330.11999999999983,178.54000000000008,692.0641153659672
962,0.09098200000000001,170.46000000000006,176.30200000000005,333.52603284828365
963,0.08868025000000002,169.32000000000036,172.324,419.13616351783276
964,0.08818524999999999,28.59999999999998,167.322,95.38615843653679
965,0.08693537499999993,95.9599999999999,172.56400000000002,227.12772615626454
966,0.08511625,160.66000000000017,186.074,298.7977964505553
967,0.08427475000000006,60.25999999999993,183.69400000000002,151.80716312676668
968,0.08076024999999998,315.0800000000004,190.166,665.3570032734424
969,0.07947325000000005,135.53999999999996,186.108,237.87944312021136
970,0.07803775000000002,108.39999999999989,157.44000000000003,266.139761229977
971,0.07531525000000006,220.76000000000099,146.50400000000016,447.6711105518043
972,0.07433762499999996,73.05999999999996,136.76400000000015,166.5616304539144
973,0.07251850000000004,151.59999999999997,134.9920000000001,342.3204647526145
974,0.07061275,141.39999999999995,146.2720000000001,348.0284661464393
975,0.06879362500000008,166.32000000000014,153.30800000000013,337.2759229373187
976,0.06466037499999999,345.6999999999996,171.81200000000007,700.2546925619245
977,0.06261850000000002,177.5200000000002,183.5380000000001,327.41895354166627
978,0.062370999999999954,9.740000000000004,153.00400000000008,44.43221893906593
979,0.06057662499999994,151.5400000000003,154.6040000000001,335.3804010618478
980,0.05562662499999993,454.4599999999982,189.20999999999995,869.4925264660269
981,0.05067662500000003,456.8199999999988,212.81599999999972,841.7785056196153
982,0.04698887499999993,309.58000000000027,236.46799999999976,630.5151891820133
983,0.04323925000000006,342.17999999999967,255.5259999999997,667.3570897057652
984,0.04213787499999999,118.71999999999989,253.25799999999973,184.90848467499018
985,0.03775712500000006,394.5999999999997,276.0859999999997,763.4870768561959
986,0.03491087500000001,217.56000000000063,263.27199999999976,495.3332744464278
987,0.031371625000000014,305.4200000000005,276.0619999999998,604.111537957564
988,0.027448750000000022,314.28000000000026,306.5159999999998,683.3804557919502
989,0.022498750000000012,456.2399999999991,336.9859999999997,869.12334581092
990,0.017548750000000002,482.4199999999987,339.78199999999975,824.3061944060028
991,0.012598749999999992,431.2599999999986,337.2259999999998,829.971366615966
992,0.011819125000000041,71.71999999999994,313.43999999999966,133.86373901180923
993,0.010000000000000009,463.47999999999814,325.56999999999954,802.0680885724723
994,0.010000000000000009,382.9799999999983,351.99599999999936,825.0766305010766
995,0.010000000000000009,197.22000000000045,332.25799999999947,358.62598652765155
996,0.010000000000000009,427.5599999999994,353.25799999999936,787.8923575039953
997,0.010000000000000009,407.0799999999988,363.4239999999992,759.868588950485
998,0.010000000000000009,353.75999999999976,367.37199999999905,679.7848717756569
999,0.010000000000000009,230.96000000000058,344.84399999999926,358.46177231147885
1000,0.010000000000000009,341.32000000000016,330.7339999999994,657.7576284538954
